{
  "project_info": {
    "project_number": "17455816814",
    "project_id": "otpverification-d918b",
    "storage_bucket": "otpverification-d918b.appspot.com"
  },
  "client": [
    {
      "client_info": {
        "mobilesdk_app_id": "1:17455816814:android:dacdddad083603ceea067f",
        "android_client_info": {
          "package_name": "com.example.smartcity"
        }
      },
      "oauth_client": [
        {
          "client_id": "17455816814-8dararpus2kapsl2gn9qm723b30vkufg.apps.googleusercontent.com",
          "client_type": 3
        }
      ],
      "api_key": [
        {
          "current_key": "AIzaSyCxH0s00y0AXXNCCS9I-sCMxZ3E8COWj4o"
        }
      ],
      "services": {
        "appinvite_service": {
          "other_platform_oauth_client": [
            {
              "client_id": "17455816814-8dararpus2kapsl2gn9qm723b30vkufg.apps.googleusercontent.com",
              "client_type": 3
            }
          ]
        }
      }
    }
  ],
  "configuration_version": "1"
}